"","Region","nccbeds","occ","popsize","occ_bed_pday","inc_rate","wuhan_covid"
"1","East of England Commissioning Region",337,64.0176470588235,7012947,215.739470588235,27.3087937453462,182
"2","London Commissioning Region",1019,71.3363636363636,8566925,726.917545454545,92.0148791714614,223
"3","Midlands Commissioning Region",680,75.8434782608696,10537679,515.735652173913,65.2829939460649,274
"4","North East and Yorkshire Commissioning Region",643,70.3909090909091,6493188,452.613545454545,57.2928538550058,169
"5","North West Commissioning Region",543,71.4666666666667,8908081,388.064,49.1220253164557,232
"6","South East Commissioning Region",523,75.7263157894737,8852361,396.048631578947,50.1327381745503,230
"7","South West Commissioning Region",303,70.4058823529412,5605997,213.329823529412,27.0037751303053,146
